job_id,test_case,n,re,u,cutoff,chi,taylor_order,mapping,nt,snapshot_every
0,tg,64,100,0.1,1e-10,6,2,snake,,
1,tg,64,100,0.1,1e-10,8,2,snake,,
2,tg,64,100,0.1,1e-10,10,2,snake,,
3,tg,64,100,0.1,1e-10,12,2,snake,,
4,tg,64,100,0.1,1e-10,14,2,snake,,
5,tg,64,100,0.1,1e-10,16,2,snake,,
6,tg,64,100,0.1,1e-10,18,2,snake,,
7,tg,64,100,0.1,1e-10,20,2,snake,,
8,tg,64,100,0.1,1e-10,24,2,snake,,
9,tg,64,100,0.1,1e-10,28,2,snake,,
10,tg,64,100,0.1,1e-10,32,2,snake,,
11,tg,64,100,0.1,1e-10,36,2,snake,,
12,tg,64,100,0.1,1e-10,40,2,snake,,
13,tg,64,100,0.1,1e-10,48,2,snake,,
14,tg,64,100,0.1,1e-10,56,2,snake,,
15,tg,64,100,0.1,1e-10,64,2,snake,,
16,tg,64,500,0.1,1e-10,6,2,snake,,
17,tg,64,500,0.1,1e-10,8,2,snake,,
18,tg,64,500,0.1,1e-10,10,2,snake,,
19,tg,64,500,0.1,1e-10,12,2,snake,,
20,tg,64,500,0.1,1e-10,14,2,snake,,
21,tg,64,500,0.1,1e-10,16,2,snake,,
22,tg,64,500,0.1,1e-10,18,2,snake,,
23,tg,64,500,0.1,1e-10,20,2,snake,,
24,tg,64,500,0.1,1e-10,24,2,snake,,
25,tg,64,500,0.1,1e-10,28,2,snake,,
26,tg,64,500,0.1,1e-10,32,2,snake,,
27,tg,64,500,0.1,1e-10,36,2,snake,,
28,tg,64,500,0.1,1e-10,40,2,snake,,
29,tg,64,500,0.1,1e-10,48,2,snake,,
30,tg,64,500,0.1,1e-10,56,2,snake,,
31,tg,64,500,0.1,1e-10,64,2,snake,,
32,tg,128,100,0.1,1e-10,6,2,snake,,
33,tg,128,100,0.1,1e-10,8,2,snake,,
34,tg,128,100,0.1,1e-10,10,2,snake,,
35,tg,128,100,0.1,1e-10,12,2,snake,,
36,tg,128,100,0.1,1e-10,14,2,snake,,
37,tg,128,100,0.1,1e-10,16,2,snake,,
38,tg,128,100,0.1,1e-10,18,2,snake,,
39,tg,128,100,0.1,1e-10,20,2,snake,,
40,tg,128,100,0.1,1e-10,24,2,snake,,
41,tg,128,100,0.1,1e-10,28,2,snake,,
42,tg,128,100,0.1,1e-10,32,2,snake,,
43,tg,128,100,0.1,1e-10,36,2,snake,,
44,tg,128,100,0.1,1e-10,40,2,snake,,
45,tg,128,100,0.1,1e-10,48,2,snake,,
46,tg,128,100,0.1,1e-10,56,2,snake,,
47,tg,128,100,0.1,1e-10,64,2,snake,,
48,tg,128,500,0.1,1e-10,6,2,snake,,
49,tg,128,500,0.1,1e-10,8,2,snake,,
50,tg,128,500,0.1,1e-10,10,2,snake,,
51,tg,128,500,0.1,1e-10,12,2,snake,,
52,tg,128,500,0.1,1e-10,14,2,snake,,
53,tg,128,500,0.1,1e-10,16,2,snake,,
54,tg,128,500,0.1,1e-10,18,2,snake,,
55,tg,128,500,0.1,1e-10,20,2,snake,,
56,tg,128,500,0.1,1e-10,24,2,snake,,
57,tg,128,500,0.1,1e-10,28,2,snake,,
58,tg,128,500,0.1,1e-10,32,2,snake,,
59,tg,128,500,0.1,1e-10,36,2,snake,,
60,tg,128,500,0.1,1e-10,40,2,snake,,
61,tg,128,500,0.1,1e-10,48,2,snake,,
62,tg,128,500,0.1,1e-10,56,2,snake,,
63,tg,128,500,0.1,1e-10,64,2,snake,,
64,tg,256,100,0.1,1e-10,6,2,snake,,
65,tg,256,100,0.1,1e-10,8,2,snake,,
66,tg,256,100,0.1,1e-10,10,2,snake,,
67,tg,256,100,0.1,1e-10,12,2,snake,,
68,tg,256,100,0.1,1e-10,14,2,snake,,
69,tg,256,100,0.1,1e-10,16,2,snake,,
70,tg,256,100,0.1,1e-10,18,2,snake,,
71,tg,256,100,0.1,1e-10,20,2,snake,,
72,tg,256,100,0.1,1e-10,24,2,snake,,
73,tg,256,100,0.1,1e-10,28,2,snake,,
74,tg,256,100,0.1,1e-10,32,2,snake,,
75,tg,256,100,0.1,1e-10,36,2,snake,,
76,tg,256,100,0.1,1e-10,40,2,snake,,
77,tg,256,100,0.1,1e-10,48,2,snake,,
78,tg,256,100,0.1,1e-10,56,2,snake,,
79,tg,256,100,0.1,1e-10,64,2,snake,,
80,tg,256,500,0.1,1e-10,6,2,snake,,
81,tg,256,500,0.1,1e-10,8,2,snake,,
82,tg,256,500,0.1,1e-10,10,2,snake,,
83,tg,256,500,0.1,1e-10,12,2,snake,,
84,tg,256,500,0.1,1e-10,14,2,snake,,
85,tg,256,500,0.1,1e-10,16,2,snake,,
86,tg,256,500,0.1,1e-10,18,2,snake,,
87,tg,256,500,0.1,1e-10,20,2,snake,,
88,tg,256,500,0.1,1e-10,24,2,snake,,
89,tg,256,500,0.1,1e-10,28,2,snake,,
90,tg,256,500,0.1,1e-10,32,2,snake,,
91,tg,256,500,0.1,1e-10,36,2,snake,,
92,tg,256,500,0.1,1e-10,40,2,snake,,
93,tg,256,500,0.1,1e-10,48,2,snake,,
94,tg,256,500,0.1,1e-10,56,2,snake,,
95,tg,256,500,0.1,1e-10,64,2,snake,,
96,cavity,64,100,0.1,1e-10,6,2,snake,,
97,cavity,64,100,0.1,1e-10,8,2,snake,,
98,cavity,64,100,0.1,1e-10,10,2,snake,,
99,cavity,64,100,0.1,1e-10,12,2,snake,,
100,cavity,64,100,0.1,1e-10,14,2,snake,,
101,cavity,64,100,0.1,1e-10,16,2,snake,,
102,cavity,64,100,0.1,1e-10,18,2,snake,,
103,cavity,64,100,0.1,1e-10,20,2,snake,,
104,cavity,64,100,0.1,1e-10,24,2,snake,,
105,cavity,64,100,0.1,1e-10,28,2,snake,,
106,cavity,64,100,0.1,1e-10,32,2,snake,,
107,cavity,64,100,0.1,1e-10,36,2,snake,,
108,cavity,64,100,0.1,1e-10,40,2,snake,,
109,cavity,64,100,0.1,1e-10,48,2,snake,,
110,cavity,64,100,0.1,1e-10,56,2,snake,,
111,cavity,64,100,0.1,1e-10,64,2,snake,,
112,cavity,64,500,0.1,1e-10,6,2,snake,,
113,cavity,64,500,0.1,1e-10,8,2,snake,,
114,cavity,64,500,0.1,1e-10,10,2,snake,,
115,cavity,64,500,0.1,1e-10,12,2,snake,,
116,cavity,64,500,0.1,1e-10,14,2,snake,,
117,cavity,64,500,0.1,1e-10,16,2,snake,,
118,cavity,64,500,0.1,1e-10,18,2,snake,,
119,cavity,64,500,0.1,1e-10,20,2,snake,,
120,cavity,64,500,0.1,1e-10,24,2,snake,,
121,cavity,64,500,0.1,1e-10,28,2,snake,,
122,cavity,64,500,0.1,1e-10,32,2,snake,,
123,cavity,64,500,0.1,1e-10,36,2,snake,,
124,cavity,64,500,0.1,1e-10,40,2,snake,,
125,cavity,64,500,0.1,1e-10,48,2,snake,,
126,cavity,64,500,0.1,1e-10,56,2,snake,,
127,cavity,64,500,0.1,1e-10,64,2,snake,,
128,cavity,128,100,0.1,1e-10,6,2,snake,,
129,cavity,128,100,0.1,1e-10,8,2,snake,,
130,cavity,128,100,0.1,1e-10,10,2,snake,,
131,cavity,128,100,0.1,1e-10,12,2,snake,,
132,cavity,128,100,0.1,1e-10,14,2,snake,,
133,cavity,128,100,0.1,1e-10,16,2,snake,,
134,cavity,128,100,0.1,1e-10,18,2,snake,,
135,cavity,128,100,0.1,1e-10,20,2,snake,,
136,cavity,128,100,0.1,1e-10,24,2,snake,,
137,cavity,128,100,0.1,1e-10,28,2,snake,,
138,cavity,128,100,0.1,1e-10,32,2,snake,,
139,cavity,128,100,0.1,1e-10,36,2,snake,,
140,cavity,128,100,0.1,1e-10,40,2,snake,,
141,cavity,128,100,0.1,1e-10,48,2,snake,,
142,cavity,128,100,0.1,1e-10,56,2,snake,,
143,cavity,128,100,0.1,1e-10,64,2,snake,,
144,cavity,128,500,0.1,1e-10,6,2,snake,,
145,cavity,128,500,0.1,1e-10,8,2,snake,,
146,cavity,128,500,0.1,1e-10,10,2,snake,,
147,cavity,128,500,0.1,1e-10,12,2,snake,,
148,cavity,128,500,0.1,1e-10,14,2,snake,,
149,cavity,128,500,0.1,1e-10,16,2,snake,,
150,cavity,128,500,0.1,1e-10,18,2,snake,,
151,cavity,128,500,0.1,1e-10,20,2,snake,,
152,cavity,128,500,0.1,1e-10,24,2,snake,,
153,cavity,128,500,0.1,1e-10,28,2,snake,,
154,cavity,128,500,0.1,1e-10,32,2,snake,,
155,cavity,128,500,0.1,1e-10,36,2,snake,,
156,cavity,128,500,0.1,1e-10,40,2,snake,,
157,cavity,128,500,0.1,1e-10,48,2,snake,,
158,cavity,128,500,0.1,1e-10,56,2,snake,,
159,cavity,128,500,0.1,1e-10,64,2,snake,,
160,cavity,256,100,0.1,1e-10,6,2,snake,,
161,cavity,256,100,0.1,1e-10,8,2,snake,,
162,cavity,256,100,0.1,1e-10,10,2,snake,,
163,cavity,256,100,0.1,1e-10,12,2,snake,,
164,cavity,256,100,0.1,1e-10,14,2,snake,,
165,cavity,256,100,0.1,1e-10,16,2,snake,,
166,cavity,256,100,0.1,1e-10,18,2,snake,,
167,cavity,256,100,0.1,1e-10,20,2,snake,,
168,cavity,256,100,0.1,1e-10,24,2,snake,,
169,cavity,256,100,0.1,1e-10,28,2,snake,,
170,cavity,256,100,0.1,1e-10,32,2,snake,,
171,cavity,256,100,0.1,1e-10,36,2,snake,,
172,cavity,256,100,0.1,1e-10,40,2,snake,,
173,cavity,256,100,0.1,1e-10,48,2,snake,,
174,cavity,256,100,0.1,1e-10,56,2,snake,,
175,cavity,256,100,0.1,1e-10,64,2,snake,,
176,cavity,256,500,0.1,1e-10,6,2,snake,,
177,cavity,256,500,0.1,1e-10,8,2,snake,,
178,cavity,256,500,0.1,1e-10,10,2,snake,,
179,cavity,256,500,0.1,1e-10,12,2,snake,,
180,cavity,256,500,0.1,1e-10,14,2,snake,,
181,cavity,256,500,0.1,1e-10,16,2,snake,,
182,cavity,256,500,0.1,1e-10,18,2,snake,,
183,cavity,256,500,0.1,1e-10,20,2,snake,,
184,cavity,256,500,0.1,1e-10,24,2,snake,,
185,cavity,256,500,0.1,1e-10,28,2,snake,,
186,cavity,256,500,0.1,1e-10,32,2,snake,,
187,cavity,256,500,0.1,1e-10,36,2,snake,,
188,cavity,256,500,0.1,1e-10,40,2,snake,,
189,cavity,256,500,0.1,1e-10,48,2,snake,,
190,cavity,256,500,0.1,1e-10,56,2,snake,,
191,cavity,256,500,0.1,1e-10,64,2,snake,,
192,tg,16,50,0.1,1e-10,512,2,snake,,
193,tg,16,50,0.1,1e-07,512,2,snake,,
194,tg,16,100,0.1,1e-10,512,2,snake,,
195,tg,16,100,0.1,1e-07,512,2,snake,,
196,tg,16,200,0.1,1e-10,512,2,snake,,
197,tg,16,200,0.1,1e-07,512,2,snake,,
198,tg,32,50,0.1,1e-10,512,2,snake,,
199,tg,32,50,0.1,1e-07,512,2,snake,,
200,tg,32,100,0.1,1e-10,512,2,snake,,
201,tg,32,100,0.1,1e-07,512,2,snake,,
202,tg,32,200,0.1,1e-10,512,2,snake,,
203,tg,32,200,0.1,1e-07,512,2,snake,,
204,tg,32,400,0.1,1e-10,512,2,snake,,
205,tg,32,400,0.1,1e-07,512,2,snake,,
206,tg,32,1000,0.1,1e-10,512,2,snake,,
207,tg,32,1000,0.1,1e-07,512,2,snake,,
208,tg,64,50,0.1,1e-10,512,2,snake,,
209,tg,64,50,0.1,1e-07,512,2,snake,,
210,tg,64,100,0.1,1e-10,512,2,snake,,
211,tg,64,100,0.1,1e-07,512,2,snake,,
212,tg,64,200,0.1,1e-10,512,2,snake,,
213,tg,64,200,0.1,1e-07,512,2,snake,,
214,tg,64,400,0.1,1e-10,512,2,snake,,
215,tg,64,400,0.1,1e-07,512,2,snake,,
216,tg,64,800,0.1,1e-10,512,2,snake,,
217,tg,64,800,0.1,1e-07,512,2,snake,,
218,tg,64,1000,0.1,1e-10,512,2,snake,,
219,tg,64,1000,0.1,1e-07,512,2,snake,,
220,tg,64,3200,0.1,1e-10,512,2,snake,,
221,tg,64,3200,0.1,1e-07,512,2,snake,,
222,tg,128,50,0.1,1e-10,512,2,snake,,
223,tg,128,50,0.1,1e-07,512,2,snake,,
224,tg,128,100,0.1,1e-10,512,2,snake,,
225,tg,128,100,0.1,1e-07,512,2,snake,,
226,tg,128,200,0.1,1e-10,512,2,snake,,
227,tg,128,200,0.1,1e-07,512,2,snake,,
228,tg,128,400,0.1,1e-10,512,2,snake,,
229,tg,128,400,0.1,1e-07,512,2,snake,,
230,tg,128,800,0.1,1e-10,512,2,snake,,
231,tg,128,800,0.1,1e-07,512,2,snake,,
232,tg,128,1000,0.1,1e-10,512,2,snake,,
233,tg,128,1000,0.1,1e-07,512,2,snake,,
234,tg,128,2000,0.1,1e-10,512,2,snake,,
235,tg,128,2000,0.1,1e-07,512,2,snake,,
236,tg,128,3200,0.1,1e-10,512,2,snake,,
237,tg,128,3200,0.1,1e-07,512,2,snake,,
238,tg,256,100,0.1,1e-10,512,2,snake,,
239,tg,256,100,0.1,1e-07,512,2,snake,,
240,tg,256,200,0.1,1e-10,512,2,snake,,
241,tg,256,200,0.1,1e-07,512,2,snake,,
242,tg,256,400,0.1,1e-10,512,2,snake,,
243,tg,256,400,0.1,1e-07,512,2,snake,,
244,tg,256,800,0.1,1e-10,512,2,snake,,
245,tg,256,800,0.1,1e-07,512,2,snake,,
246,tg,256,1000,0.1,1e-10,512,2,snake,,
247,tg,256,1000,0.1,1e-07,512,2,snake,,
248,tg,256,2000,0.1,1e-10,512,2,snake,,
249,tg,256,2000,0.1,1e-07,512,2,snake,,
250,tg,256,3200,0.1,1e-10,512,2,snake,,
251,tg,256,3200,0.1,1e-07,512,2,snake,,
252,tg,512,200,0.1,1e-10,512,2,snake,,
253,tg,512,200,0.1,1e-07,512,2,snake,,
254,tg,512,400,0.1,1e-10,512,2,snake,,
255,tg,512,400,0.1,1e-07,512,2,snake,,
256,tg,512,1000,0.1,1e-10,512,2,snake,,
257,tg,512,1000,0.1,1e-07,512,2,snake,,
258,tg,512,3200,0.1,1e-10,512,2,snake,,
259,tg,512,3200,0.1,1e-07,512,2,snake,,
260,cavity,16,50,0.1,1e-10,512,2,snake,,
261,cavity,16,50,0.1,1e-07,512,2,snake,,
262,cavity,16,100,0.1,1e-10,512,2,snake,,
263,cavity,16,100,0.1,1e-07,512,2,snake,,
264,cavity,16,200,0.1,1e-10,512,2,snake,,
265,cavity,16,200,0.1,1e-07,512,2,snake,,
266,cavity,32,50,0.1,1e-10,512,2,snake,,
267,cavity,32,50,0.1,1e-07,512,2,snake,,
268,cavity,32,100,0.1,1e-10,512,2,snake,,
269,cavity,32,100,0.1,1e-07,512,2,snake,,
270,cavity,32,200,0.1,1e-10,512,2,snake,,
271,cavity,32,200,0.1,1e-07,512,2,snake,,
272,cavity,32,400,0.1,1e-10,512,2,snake,,
273,cavity,32,400,0.1,1e-07,512,2,snake,,
274,cavity,32,1000,0.1,1e-10,512,2,snake,,
275,cavity,32,1000,0.1,1e-07,512,2,snake,,
276,cavity,64,50,0.1,1e-10,512,2,snake,,
277,cavity,64,50,0.1,1e-07,512,2,snake,,
278,cavity,64,100,0.1,1e-10,512,2,snake,,
279,cavity,64,100,0.1,1e-07,512,2,snake,,
280,cavity,64,200,0.1,1e-10,512,2,snake,,
281,cavity,64,200,0.1,1e-07,512,2,snake,,
282,cavity,64,400,0.1,1e-10,512,2,snake,,
283,cavity,64,400,0.1,1e-07,512,2,snake,,
284,cavity,64,800,0.1,1e-10,512,2,snake,,
285,cavity,64,800,0.1,1e-07,512,2,snake,,
286,cavity,64,1000,0.1,1e-10,512,2,snake,,
287,cavity,64,1000,0.1,1e-07,512,2,snake,,
288,cavity,64,3200,0.1,1e-10,512,2,snake,,
289,cavity,64,3200,0.1,1e-07,512,2,snake,,
290,cavity,128,50,0.1,1e-10,512,2,snake,,
291,cavity,128,50,0.1,1e-07,512,2,snake,,
292,cavity,128,100,0.1,1e-10,512,2,snake,,
293,cavity,128,100,0.1,1e-07,512,2,snake,,
294,cavity,128,200,0.1,1e-10,512,2,snake,,
295,cavity,128,200,0.1,1e-07,512,2,snake,,
296,cavity,128,400,0.1,1e-10,512,2,snake,,
297,cavity,128,400,0.1,1e-07,512,2,snake,,
298,cavity,128,800,0.1,1e-10,512,2,snake,,
299,cavity,128,800,0.1,1e-07,512,2,snake,,
300,cavity,128,1000,0.1,1e-10,512,2,snake,,
301,cavity,128,1000,0.1,1e-07,512,2,snake,,
302,cavity,128,2000,0.1,1e-10,512,2,snake,,
303,cavity,128,2000,0.1,1e-07,512,2,snake,,
304,cavity,128,3200,0.1,1e-10,512,2,snake,,
305,cavity,128,3200,0.1,1e-07,512,2,snake,,
306,cavity,256,100,0.1,1e-10,512,2,snake,,
307,cavity,256,100,0.1,1e-07,512,2,snake,,
308,cavity,256,200,0.1,1e-10,512,2,snake,,
309,cavity,256,200,0.1,1e-07,512,2,snake,,
310,cavity,256,400,0.1,1e-10,512,2,snake,,
311,cavity,256,400,0.1,1e-07,512,2,snake,,
312,cavity,256,800,0.1,1e-10,512,2,snake,,
313,cavity,256,800,0.1,1e-07,512,2,snake,,
314,cavity,256,1000,0.1,1e-10,512,2,snake,,
315,cavity,256,1000,0.1,1e-07,512,2,snake,,
316,cavity,256,2000,0.1,1e-10,512,2,snake,,
317,cavity,256,2000,0.1,1e-07,512,2,snake,,
318,cavity,256,3200,0.1,1e-10,512,2,snake,,
319,cavity,256,3200,0.1,1e-07,512,2,snake,,
320,cavity,512,200,0.1,1e-10,512,2,snake,,
321,cavity,512,200,0.1,1e-07,512,2,snake,,
322,cavity,512,400,0.1,1e-10,512,2,snake,,
323,cavity,512,400,0.1,1e-07,512,2,snake,,
324,cavity,512,1000,0.1,1e-10,512,2,snake,,
325,cavity,512,1000,0.1,1e-07,512,2,snake,,
326,cavity,512,3200,0.1,1e-10,512,2,snake,,
327,cavity,512,3200,0.1,1e-07,512,2,snake,,
328,tg,64,100,0.01,0.0,512,1,snake,,
329,tg,64,100,0.01,0.0,512,2,snake,,
330,tg,64,100,0.01,0.0,512,3,snake,,
331,tg,64,100,0.02,0.0,512,1,snake,,
332,tg,64,100,0.02,0.0,512,2,snake,,
333,tg,64,100,0.02,0.0,512,3,snake,,
334,tg,64,100,0.05,0.0,512,1,snake,,
335,tg,64,100,0.05,0.0,512,2,snake,,
336,tg,64,100,0.05,0.0,512,3,snake,,
337,tg,64,100,0.1,0.0,512,1,snake,,
338,tg,64,100,0.1,0.0,512,2,snake,,
339,tg,64,100,0.1,0.0,512,3,snake,,
340,tg,64,100,0.15,0.0,512,1,snake,,
341,tg,64,100,0.15,0.0,512,2,snake,,
342,tg,64,100,0.15,0.0,512,3,snake,,
343,tg,32,100,0.1,0.0,512,1,snake,,
344,tg,32,100,0.1,0.0,512,2,snake,,
345,tg,32,100,0.1,0.0,512,3,snake,,
346,tg,128,100,0.1,0.0,512,1,snake,,
347,tg,128,100,0.1,0.0,512,2,snake,,
348,tg,128,100,0.1,0.0,512,3,snake,,
349,tg,256,100,0.1,0.0,512,1,snake,,
350,tg,256,100,0.1,0.0,512,2,snake,,
351,tg,256,100,0.1,0.0,512,3,snake,,
352,tg,64,100,0.1,1e-07,6,2,snake,,
353,tg,64,100,0.1,0.0,6,2,snake,,
354,tg,64,100,0.1,1e-07,8,2,snake,,
355,tg,64,100,0.1,0.0,8,2,snake,,
356,tg,64,100,0.1,1e-07,10,2,snake,,
357,tg,64,100,0.1,0.0,10,2,snake,,
358,tg,64,100,0.1,1e-07,12,2,snake,,
359,tg,64,100,0.1,0.0,12,2,snake,,
360,tg,64,100,0.1,1e-07,14,2,snake,,
361,tg,64,100,0.1,0.0,14,2,snake,,
362,tg,64,100,0.1,1e-07,16,2,snake,,
363,tg,64,100,0.1,0.0,16,2,snake,,
364,tg,64,100,0.1,1e-07,18,2,snake,,
365,tg,64,100,0.1,0.0,18,2,snake,,
366,tg,64,100,0.1,1e-07,20,2,snake,,
367,tg,64,100,0.1,0.0,20,2,snake,,
368,tg,64,100,0.1,1e-07,24,2,snake,,
369,tg,64,100,0.1,0.0,24,2,snake,,
370,tg,64,100,0.1,1e-07,28,2,snake,,
371,tg,64,100,0.1,0.0,28,2,snake,,
372,tg,64,100,0.1,1e-07,32,2,snake,,
373,tg,64,100,0.1,0.0,32,2,snake,,
374,tg,64,100,0.1,1e-07,36,2,snake,,
375,tg,64,100,0.1,0.0,36,2,snake,,
376,tg,64,100,0.1,1e-07,40,2,snake,,
377,tg,64,100,0.1,0.0,40,2,snake,,
378,tg,64,100,0.1,1e-07,48,2,snake,,
379,tg,64,100,0.1,0.0,48,2,snake,,
380,tg,64,100,0.1,1e-07,56,2,snake,,
381,tg,64,100,0.1,0.0,56,2,snake,,
382,tg,64,100,0.1,1e-07,64,2,snake,,
383,tg,64,100,0.1,0.0,64,2,snake,,
384,cavity,64,100,0.1,1e-07,6,2,snake,,
385,cavity,64,100,0.1,1e-07,8,2,snake,,
386,cavity,64,100,0.1,1e-07,10,2,snake,,
387,cavity,64,100,0.1,1e-07,12,2,snake,,
388,cavity,64,100,0.1,1e-07,14,2,snake,,
389,cavity,64,100,0.1,1e-07,16,2,snake,,
390,cavity,64,100,0.1,1e-07,18,2,snake,,
391,cavity,64,100,0.1,1e-07,20,2,snake,,
392,cavity,64,100,0.1,1e-07,24,2,snake,,
393,cavity,64,100,0.1,1e-07,28,2,snake,,
394,cavity,64,100,0.1,1e-07,32,2,snake,,
395,cavity,64,100,0.1,1e-07,36,2,snake,,
396,cavity,64,100,0.1,1e-07,40,2,snake,,
397,cavity,64,100,0.1,1e-07,48,2,snake,,
398,cavity,64,100,0.1,1e-07,56,2,snake,,
399,cavity,64,100,0.1,1e-07,64,2,snake,,
400,tg,256,100,0.1,1e-10,2,2,snake,,
401,tg,256,100,0.1,1e-10,3,2,snake,,
402,tg,256,100,0.1,1e-10,4,2,snake,,
403,tg,256,100,0.1,1e-10,5,2,snake,,
404,tg,256,100,0.1,1e-10,7,2,snake,,
405,tg,256,100,0.1,1e-10,9,2,snake,,
406,tg,256,100,0.1,1e-10,11,2,snake,,
407,tg,256,100,0.1,1e-10,13,2,snake,,
408,tg,256,100,0.1,1e-10,15,2,snake,,
409,tg,256,100,0.1,1e-10,17,2,snake,,
410,cavity,256,100,0.1,1e-10,72,2,snake,,
411,cavity,256,100,0.1,1e-10,80,2,snake,,
412,tg,256,500,0.1,1e-10,2,2,snake,,
413,tg,256,500,0.1,1e-10,3,2,snake,,
414,tg,256,500,0.1,1e-10,4,2,snake,,
415,tg,256,500,0.1,1e-10,5,2,snake,,
416,tg,256,500,0.1,1e-10,7,2,snake,,
417,tg,256,500,0.1,1e-10,9,2,snake,,
418,tg,256,500,0.1,1e-10,11,2,snake,,
419,tg,256,500,0.1,1e-10,13,2,snake,,
420,tg,256,500,0.1,1e-10,15,2,snake,,
421,tg,256,500,0.1,1e-10,17,2,snake,,
422,cavity,256,500,0.1,1e-10,72,2,snake,,
423,cavity,256,500,0.1,1e-10,80,2,snake,,
424,tg,256,1000,0.1,1e-10,2,2,snake,,
425,tg,256,1000,0.1,1e-10,3,2,snake,,
426,tg,256,1000,0.1,1e-10,4,2,snake,,
427,tg,256,1000,0.1,1e-10,5,2,snake,,
428,tg,256,1000,0.1,1e-10,6,2,snake,,
429,tg,256,1000,0.1,1e-10,7,2,snake,,
430,tg,256,1000,0.1,1e-10,8,2,snake,,
431,tg,256,1000,0.1,1e-10,9,2,snake,,
432,tg,256,1000,0.1,1e-10,10,2,snake,,
433,tg,256,1000,0.1,1e-10,11,2,snake,,
434,tg,256,1000,0.1,1e-10,12,2,snake,,
435,tg,256,1000,0.1,1e-10,13,2,snake,,
436,tg,256,1000,0.1,1e-10,14,2,snake,,
437,tg,256,1000,0.1,1e-10,15,2,snake,,
438,tg,256,1000,0.1,1e-10,16,2,snake,,
439,tg,256,1000,0.1,1e-10,17,2,snake,,
440,cavity,256,1000,0.1,1e-10,6,2,snake,,
441,cavity,256,1000,0.1,1e-10,8,2,snake,,
442,cavity,256,1000,0.1,1e-10,10,2,snake,,
443,cavity,256,1000,0.1,1e-10,12,2,snake,,
444,cavity,256,1000,0.1,1e-10,14,2,snake,,
445,cavity,256,1000,0.1,1e-10,16,2,snake,,
446,cavity,256,1000,0.1,1e-10,20,2,snake,,
447,cavity,256,1000,0.1,1e-10,24,2,snake,,
448,cavity,256,1000,0.1,1e-10,28,2,snake,,
449,cavity,256,1000,0.1,1e-10,32,2,snake,,
450,cavity,256,1000,0.1,1e-10,40,2,snake,,
451,cavity,256,1000,0.1,1e-10,48,2,snake,,
452,cavity,256,1000,0.1,1e-10,56,2,snake,,
453,cavity,256,1000,0.1,1e-10,64,2,snake,,
454,cavity,256,1000,0.1,1e-10,72,2,snake,,
455,cavity,256,1000,0.1,1e-10,80,2,snake,,
456,cylinder,128,100,0.1,1e-10,32,2,snake,,
457,cylinder,128,100,0.1,1e-10,64,2,snake,,
458,cylinder,256,100,0.1,1e-10,32,2,snake,,
459,cylinder,256,100,0.1,1e-10,64,2,snake,,
