chi,memory,N_coarse,error_tn,error_coarse
6,5184,24,0.39460960662561084,0.21870904547280418
8,9216,32,0.19393876643441013,0.16724501580502646
10,14400,40,0.0522148050095016,0.14288885980894073
12,20736,48,0.01728107993476735,0.12810238714647385
14,28224,56,0.006318234136161107,0.11717248599286803
16,36864,64,0.0035413802147568206,0.10907505988443142
18,46656,72,0.0030284095043482495,0.10182260671262737
20,57600,80,0.0029264477611339545,0.09548500145540677
24,82944,96,0.0027968456752357563,0.08250335343552122
28,112896,112,0.0027968456752357563,0.07058708248967455
32,147456,128,0.0027968456752357563,0.05976712216142206
36,186624,144,0.0027968456752357563,0.05061114230732055
40,230400,160,0.0027968456752357563,0.04338513381738566
48,331776,192,0.0027968456752357563,0.03007226359302091
56,451584,224,0.0027968456752357563,0.014523309347440715
64,589824,256,0.0027968456752357563,0.0
